,profile.age_v2
0,18.0
1,19.0
2,18.0
3,18.0
4,18.0
5,18.0
6,18.0
7,18.0
8,20.0
9,20.0
10,19.0
11,20.0
12,20.0
13,18.0
14,20.0
15,20.0
16,19.0
17,19.0
18,18.0
19,19.0
20,18.0
21,18.0
22,19.0
23,19.0
24,20.0
25,22.0
26,20.0
27,20.0
28,20.0
29,21.0
30,19.0
31,19.0
32,22.0
33,18.0
34,22.0
35,20.0
36,18.0
37,18.0
38,19.0
39,20.0
40,18.0
41,20.0
42,20.0
43,20.0
44,19.0
45,22.0
46,18.0
47,19.0
48,18.0
49,21.0
50,21.0
51,20.0
52,18.0
53,19.0
54,18.0
55,19.0
56,18.0
57,19.0
58,19.0
59,20.0
60,21.0
61,21.0
62,21.0
63,20.0
64,22.0
65,21.0
66,19.0
67,20.0
68,20.0
69,19.0
70,18.0
71,20.0
72,18.0
73,18.0
74,19.0
75,21.0
76,18.0
77,20.0
78,19.0
79,19.0
80,20.0
81,20.0
82,19.0
83,19.0
84,20.0
85,18.0
86,19.0
87,20.0
88,20.0
89,21.0
90,20.0
91,22.0
92,19.0
93,21.0
94,19.0
95,20.0
96,19.0
97,20.0
98,21.0
99,20.0
100,20.0
101,20.0
102,18.0
103,19.0
104,19.0
105,21.0
106,22.0
107,19.0
108,21.0
109,18.0
110,21.0
111,19.0
112,18.0
113,21.0
114,20.0
115,20.0
116,19.0
117,19.0
118,19.0
119,21.0
120,18.0
121,18.0
122,19.0
123,22.0
124,20.0
125,18.0
126,19.0
127,20.0
128,20.0
129,20.0
130,21.0
131,19.0
132,20.0
133,19.0
134,19.0
135,19.0
136,22.0
137,20.0
138,19.0
139,19.0
140,19.0
141,20.0
142,21.0
143,20.0
144,21.0
145,20.0
146,20.0
147,20.0
148,19.0
149,20.0
150,20.0
151,21.0
152,21.0
153,18.0
154,19.0
155,19.0
156,18.0
157,19.0
158,21.0
159,19.0
160,20.0
161,18.0
162,19.0
163,19.0
164,20.0
165,18.0
166,18.0
167,20.0
168,20.0
169,22.0
170,19.0
171,20.0
172,19.0
173,18.0
174,20.0
175,18.0
176,18.0
177,20.0
178,19.0
179,18.0
180,19.0
181,21.0
182,19.0
183,18.0
184,19.0
185,19.0
186,21.0
187,20.0
188,19.0
189,19.0
190,19.0
191,19.0
192,18.0
193,21.0
194,19.0
195,19.0
196,20.0
197,18.0
198,18.0
199,19.0
200,32.0
201,20.0
202,19.0
203,19.0
204,21.0
205,19.0
206,20.0
207,21.0
208,22.0
209,21.0
210,19.0
211,18.0
212,22.0
213,19.0
214,20.0
215,21.0
216,22.0
217,19.0
218,20.0
219,21.0
220,21.0
221,18.0
222,18.0
223,19.0
224,19.0
225,18.0
226,19.0
227,22.0
228,19.0
229,19.0
230,19.0
231,19.0
232,19.0
233,19.0
234,19.0
235,18.0
236,18.0
237,18.0
238,18.0
239,20.0
240,18.0
241,19.0
242,21.0
243,19.0
244,18.0
245,19.0
246,19.0
247,20.0
248,19.0
249,20.0
250,21.0
251,19.0
252,19.0
253,18.0
254,18.0
255,21.0
256,20.0
257,19.0
258,19.0
259,18.0
260,19.0
261,18.0
262,19.0
263,23.0
264,18.0
265,22.0
266,21.0
267,20.0
268,21.0
269,19.0
270,19.0
271,21.0
272,21.0
273,21.0
274,19.0
275,19.0
276,21.0
277,20.0
278,19.0
279,19.0
280,18.0
281,18.0
282,20.0
283,18.0
284,18.0
285,21.0
286,20.0
287,20.0
288,19.0
289,22.0
290,22.0
291,20.0
292,18.0
293,19.0
294,21.0
295,21.0
296,20.0
297,19.0
298,19.0
299,19.0
300,20.0
301,19.0
302,18.0
303,21.0
304,20.0
305,21.0
306,24.0
307,18.0
308,20.0
309,20.0
310,18.0
311,18.0
312,18.0
313,25.0
314,20.0
315,20.0
316,20.0
317,20.0
318,20.0
319,19.0
320,20.0
321,19.0
322,21.0
323,20.0
324,19.0
325,18.0
326,20.0
327,19.0
328,19.0
329,19.0
330,21.0
331,20.0
332,18.0
333,18.0
334,20.0
335,19.0
336,19.0
337,21.0
338,20.0
339,19.0
340,21.0
341,21.0
342,18.0
343,18.0
344,20.0
345,21.0
346,20.0
347,20.0
348,21.0
349,21.0
350,21.0
351,20.0
352,20.0
353,19.0
354,20.0
355,21.0
356,21.0
357,20.0
358,19.0
359,19.0
360,20.0
361,20.0
362,20.0
363,18.0
364,20.0
365,20.0
366,19.0
367,18.0
368,20.0
369,18.0
370,22.0
371,22.0
372,21.0
373,20.0
374,20.0
375,20.0
376,20.0
377,21.0
378,19.0
379,20.0
380,19.0
381,19.0
382,19.0
383,20.0
384,20.0
385,20.0
386,21.0
387,19.0
388,22.0
389,21.0
390,19.0
391,22.0
392,20.0
393,19.0
394,21.0
395,21.0
396,20.0
397,21.0
398,21.0
399,21.0
400,20.0
401,20.0
402,19.0
403,18.0
404,20.0
405,22.0
406,19.0
407,18.0
408,21.0
409,21.0
410,19.0
411,20.0
412,18.0
413,22.0
414,18.0
415,19.0
416,19.0
417,22.0
418,20.0
419,20.0
420,20.0
421,20.0
422,20.0
423,20.0
424,20.0
425,18.0
426,21.0
427,21.0
428,21.0
429,20.0
430,21.0
431,20.0
432,20.0
433,20.0
434,21.0
435,19.0
436,21.0
437,20.0
438,20.0
439,20.0
440,25.0
441,19.0
442,22.0
443,21.0
444,18.0
445,21.0
446,18.0
447,22.0
448,18.0
449,20.0
450,21.0
451,20.0
452,19.0
453,20.0
454,20.0
455,21.0
456,19.0
457,20.0
458,21.0
459,20.0
460,21.0
461,21.0
462,19.0
463,19.0
464,21.0
465,18.0
466,20.0
467,18.0
468,18.0
469,19.0
470,18.0
471,19.0
472,20.0
473,19.0
474,18.0
475,20.0
476,20.0
477,21.0
478,18.0
479,18.0
480,22.0
481,20.0
482,20.0
483,20.0
484,20.0
485,21.0
486,21.0
487,19.0
488,19.0
489,23.0
490,19.0
491,22.0
492,19.0
493,20.0
494,19.0
495,20.0
496,20.0
497,18.0
498,20.0
499,21.0
500,19.0
501,20.0
502,20.0
503,20.0
504,19.0
505,20.0
506,19.0
507,20.0
508,18.0
509,19.0
510,21.0
511,22.0
512,20.0
513,19.0
514,22.0
515,19.0
516,19.0
517,21.0
518,21.0
519,19.0
520,20.0
521,21.0
522,21.0
523,21.0
524,20.0
525,18.0
526,19.0
527,19.0
528,23.0
529,20.0
530,19.0
531,22.0
532,20.0
533,22.0
534,18.0
535,19.0
536,19.0
537,20.0
538,24.0
539,19.0
540,21.0
541,18.0
542,18.0
543,21.0
544,18.0
545,22.0
546,20.0
547,23.0
548,18.0
549,20.0
550,18.0
551,19.0
552,18.0
553,20.0
554,20.0
555,18.0
556,19.0
557,20.0
558,21.0
559,23.0
560,22.0
561,21.0
562,18.0
563,22.0
564,19.0
565,19.0
566,21.0
567,20.0
568,21.0
569,20.0
570,21.0
571,19.0
572,19.0
573,19.0
574,21.0
575,20.0
576,20.0
577,21.0
578,21.0
579,21.0
580,20.0
581,21.0
582,19.0
583,18.0
584,20.0
585,20.0
586,20.0
587,18.0
588,21.0
589,20.0
590,19.0
591,22.0
592,22.0
593,21.0
594,18.0
595,20.0
596,18.0
597,22.0
598,18.0
599,20.0
600,20.0
601,18.0
602,21.0
603,18.0
604,20.0
605,20.0
606,21.0
607,19.0
608,23.0
609,18.0
610,19.0
611,20.0
612,21.0
613,21.0
614,19.0
615,21.0
616,21.0
617,19.0
618,20.0
619,19.0
620,19.0
621,21.0
622,18.0
623,22.0
624,21.0
625,22.0
626,19.0
627,21.0
628,21.0
629,21.0
630,19.0
631,22.0
632,19.0
633,21.0
634,20.0
635,20.0
636,21.0
637,19.0
638,20.0
639,25.0
640,21.0
641,21.0
642,19.0
643,19.0
644,21.0
645,23.0
646,21.0
647,20.0
648,19.0
649,20.0
650,19.0
651,18.0
652,21.0
653,19.0
654,21.0
655,20.0
656,19.0
657,19.0
658,18.0
659,18.0
660,21.0
661,21.0
662,20.0
663,22.0
664,19.0
665,19.0
666,19.0
667,21.0
668,21.0
669,21.0
670,19.0
671,19.0
672,19.0
673,20.0
674,20.0
675,19.0
676,18.0
677,21.0
678,21.0
679,20.0
680,20.0
681,18.0
682,21.0
683,19.0
684,21.0
685,19.0
686,21.0
687,20.0
688,20.0
689,18.0
690,19.0
691,20.0
692,19.0
693,20.0
694,21.0
695,20.0
696,21.0
697,20.0
698,19.0
699,20.0
700,20.0
701,20.0
702,19.0
703,19.0
704,20.0
705,20.0
706,22.0
707,21.0
708,21.0
709,21.0
710,21.0
711,18.0
712,20.0
713,19.0
714,19.0
715,22.0
716,19.0
717,20.0
718,20.0
719,18.0
720,19.0
721,22.0
722,20.0
723,21.0
724,19.0
725,21.0
726,21.0
727,20.0
728,20.0
729,19.0
730,21.0
731,22.0
732,22.0
733,22.0
734,20.0
735,21.0
736,21.0
737,21.0
738,18.0
739,18.0
740,20.0
741,21.0
742,22.0
743,19.0
744,19.0
745,22.0
746,21.0
747,19.0
748,19.0
749,21.0
750,28.0
751,19.0
752,19.0
753,21.0
754,20.0
755,20.0
756,21.0
757,20.0
758,19.0
759,21.0
760,21.0
761,20.0
762,20.0
763,20.0
764,20.0
765,19.0
766,21.0
767,20.0
768,21.0
769,20.0
770,20.0
771,18.0
772,25.0
773,20.0
774,18.0
775,22.0
776,20.0
777,19.0
778,21.0
779,21.0
780,18.0
781,19.0
782,20.0
783,20.0
784,20.0
785,18.0
786,18.0
787,19.0
788,21.0
789,20.0
790,18.0
791,27.0
792,20.0
793,21.0
794,19.0
795,19.0
796,19.0
797,21.0
798,21.0
799,18.0
800,18.0
801,20.0
802,18.0
803,20.0
804,21.0
805,20.0
806,20.0
807,20.0
808,19.0
809,20.0
810,21.0
811,18.0
812,19.0
813,18.0
814,19.0
815,20.0
816,20.0
817,20.0
818,19.0
819,22.0
820,21.0
821,18.0
822,18.0
823,22.0
824,20.0
825,23.0
826,22.0
827,20.0
828,18.0
829,18.0
830,20.0
831,22.0
832,19.0
833,19.0
834,20.0
835,21.0
836,21.0
837,20.0
838,20.0
839,20.0
840,21.0
841,19.0
842,21.0
843,18.0
844,19.0
845,18.0
846,22.0
847,20.0
848,20.0
849,20.0
850,23.0
851,20.0
852,18.0
853,19.0
854,21.0
855,20.0
856,18.0
857,20.0
858,18.0
859,21.0
860,20.0
861,20.0
862,22.0
863,20.0
864,18.0
865,19.0
866,18.0
867,21.0
868,19.0
869,21.0
870,18.0
871,21.0
872,18.0
873,20.0
874,19.0
875,20.0
876,19.0
877,20.0
878,19.0
879,20.0
880,19.0
881,20.0
882,18.0
883,20.0
884,19.0
885,22.0
886,21.0
887,21.0
888,18.0
889,21.0
890,19.0
891,20.0
892,19.0
893,20.0
894,20.0
895,20.0
896,19.0
897,22.0
898,22.0
899,20.0
900,19.0
901,20.0
902,21.0
903,19.0
904,22.0
905,19.0
906,19.0
907,19.0
908,20.0
909,21.0
910,20.0
911,21.0
912,21.0
913,21.0
914,19.0
915,19.0
916,18.0
917,21.0
918,18.0
919,20.0
920,20.0
921,20.0
922,21.0
923,19.0
924,20.0
925,20.0
926,18.0
927,20.0
928,19.0
929,20.0
930,20.0
931,19.0
932,19.0
933,19.0
934,20.0
935,19.0
936,20.0
937,18.0
938,19.0
939,22.0
940,20.0
941,18.0
942,20.0
943,21.0
944,18.0
945,22.0
946,21.0
947,20.0
948,23.0
949,20.0
950,21.0
951,24.0
952,21.0
953,20.0
954,19.0
955,19.0
956,20.0
957,18.0
958,20.0
959,21.0
960,21.0
961,20.0
962,20.0
963,20.0
964,20.0
965,18.0
966,20.0
967,19.0
968,18.0
969,20.0
970,20.0
971,19.0
972,22.0
973,19.0
974,21.0
975,21.0
976,21.0
977,21.0
978,21.0
979,19.0
980,22.0
981,19.0
982,21.0
983,20.0
984,21.0
985,19.0
986,19.0
987,20.0
988,21.0
989,21.0
990,23.0
991,20.0
992,21.0
993,19.0
994,19.0
995,20.0
996,20.0
997,21.0
998,19.0
999,19.0
1000,19.0
1001,20.0
1002,18.0
1003,19.0
1004,19.0
1005,21.0
1006,21.0
1007,20.0
1008,20.0
1009,21.0
1010,21.0
1011,21.0
1012,20.0
1013,18.0
1014,21.0
1015,20.0
1016,21.0
1017,21.0
1018,20.0
1019,20.0
1020,20.0
1021,20.0
1022,22.0
1023,19.0
1024,19.0
1025,20.0
1026,21.0
1027,20.0
1028,21.0
1029,20.0
1030,20.0
1031,20.0
1032,20.0
1033,20.0
1034,18.0
1035,19.0
1036,20.0
1037,21.0
1038,19.0
1039,19.0
1040,19.0
1041,22.0
1042,21.0
1043,21.0
1044,20.0
1045,19.0
1046,21.0
1047,20.0
1048,22.0
1049,20.0
1050,20.0
1051,20.0
1052,22.0
1053,19.0
1054,21.0
1055,19.0
1056,21.0
1057,20.0
1058,21.0
1059,19.0
1060,20.0
1061,19.0
1062,19.0
1063,19.0
1064,21.0
1065,20.0
1066,20.0
1067,19.0
1068,19.0
1069,18.0
1070,18.0
1071,19.0
1072,20.0
1073,18.0
1074,21.0
1075,20.0
1076,22.0
1077,19.0
1078,24.0
1079,19.0
1080,21.0
1081,20.0
1082,21.0
1083,21.0
1084,18.0
1085,21.0
1086,21.0
1087,18.0
1088,21.0
1089,19.0
1090,20.0
1091,18.0
1092,20.0
1093,18.0
1094,22.0
1095,20.0
1096,18.0
1097,20.0
1098,19.0
1099,21.0
1100,19.0
1101,23.0
1102,18.0
1103,20.0
1104,21.0
1105,21.0
1106,20.0
1107,19.0
1108,23.0
1109,19.0
1110,20.0
1111,19.0
1112,20.0
1113,20.0
1114,19.0
1115,19.0
1116,19.0
1117,20.0
1118,18.0
1119,20.0
1120,21.0
1121,21.0
1122,19.0
1123,20.0
1124,20.0
1125,21.0
1126,18.0
1127,19.0
1128,20.0
1129,21.0
1130,21.0
1131,22.0
1132,20.0
1133,19.0
1134,20.0
1135,20.0
1136,19.0
1137,22.0
1138,19.0
1139,19.0
1140,21.0
1141,20.0
1142,19.0
1143,18.0
1144,22.0
1145,20.0
1146,19.0
1147,18.0
1148,20.0
1149,19.0
1150,20.0
1151,21.0
1152,19.0
1153,21.0
1154,22.0
1155,19.0
1156,21.0
1157,20.0
1158,21.0
1159,20.0
1160,21.0
1161,21.0
1162,22.0
1163,20.0
1164,19.0
1165,20.0
1166,21.0
1167,20.0
1168,19.0
1169,18.0
1170,19.0
1171,20.0
1172,20.0
1173,20.0
1174,21.0
1175,19.0
1176,19.0
1177,20.0
1178,19.0
1179,19.0
1180,20.0
1181,21.0
1182,21.0
1183,21.0
1184,20.0
1185,19.0
1186,23.0
1187,22.0
1188,19.0
1189,19.0
1190,21.0
1191,21.0
1192,19.0
1193,19.0
1194,19.0
1195,20.0
1196,19.0
1197,22.0
1198,18.0
1199,26.0
1200,21.0
1201,22.0
1202,18.0
1203,18.0
1204,21.0
1205,21.0
1206,22.0
1207,19.0
1208,19.0
1209,18.0
1210,21.0
1211,20.0
1212,19.0
1213,20.0
1214,19.0
1215,18.0
1216,19.0
1217,20.0
1218,20.0
1219,20.0
1220,19.0
1221,21.0
1222,19.0
1223,21.0
1224,21.0
1225,22.0
1226,22.0
1227,21.0
1228,21.0
1229,22.0
1230,22.0
1231,21.0
1232,22.0
1233,22.0
1234,21.0
1235,19.0
1236,21.0
1237,22.0
1238,22.0
1239,19.0
1240,22.0
1241,19.0
1242,19.0
1243,25.0
1244,19.0
1245,20.0
1246,20.0
1247,19.0
1248,20.0
1249,19.0
1250,20.0
1251,19.0
1252,20.0
1253,20.0
1254,19.0
1255,21.0
1256,20.0
1257,21.0
1258,21.0
1259,23.0
1260,21.0
1261,21.0
1262,20.0
1263,20.0
1264,20.0
1265,19.0
1266,20.0
1267,22.0
1268,20.0
1269,20.0
1270,20.0
1271,19.0
1272,19.0
1273,21.0
1274,19.0
1275,28.0
1276,20.0
1277,21.0
1278,20.0
1279,19.0
1280,19.0
1281,19.0
1282,18.0
1283,22.0
1284,19.0
1285,19.0
1286,19.0
1287,19.0
1288,20.0
1289,20.0
1290,20.0
1291,20.0
1292,20.0
1293,20.0
1294,19.0
1295,18.0
1296,20.0
1297,21.0
1298,21.0
1299,20.0
1300,18.0
1301,21.0
1302,22.0
1303,22.0
1304,19.0
1305,19.0
1306,18.0
1307,19.0
1308,19.0
1309,21.0
1310,21.0
1311,19.0
1312,19.0
1313,20.0
1314,18.0
1315,21.0
1316,19.0
1317,20.0
1318,20.0
1319,19.0
1320,22.0
1321,20.0
1322,23.0
1323,21.0
1324,21.0
1325,21.0
1326,19.0
1327,18.0
1328,20.0
1329,20.0
1330,20.0
1331,20.0
1332,19.0
1333,19.0
1334,20.0
1335,24.0
1336,23.0
1337,21.0
1338,22.0
1339,18.0
1340,22.0
1341,19.0
1342,20.0
1343,20.0
1344,21.0
1345,19.0
1346,19.0
1347,19.0
1348,26.0
1349,21.0
1350,21.0
1351,20.0
1352,20.0
1353,21.0
1354,19.0
1355,18.0
1356,21.0
1357,19.0
1358,19.0
1359,19.0
1360,18.0
1361,21.0
1362,21.0
1363,18.0
1364,19.0
1365,20.0
1366,21.0
1367,19.0
1368,18.0
1369,20.0
1370,19.0
1371,28.0
1372,19.0
1373,19.0
1374,19.0
1375,21.0
1376,18.0
1377,20.0
1378,20.0
1379,21.0
1380,22.0
1381,20.0
1382,19.0
1383,19.0
1384,20.0
1385,20.0
1386,20.0
1387,21.0
1388,21.0
1389,20.0
1390,21.0
1391,20.0
1392,19.0
1393,20.0
1394,20.0
1395,21.0
1396,19.0
1397,19.0
1398,21.0
1399,23.0
1400,20.0
1401,19.0
1402,18.0
1403,21.0
1404,21.0
1405,21.0
1406,20.0
1407,18.0
1408,20.0
1409,21.0
1410,19.0
1411,19.0
1412,19.0
1413,19.0
1414,21.0
1415,19.0
1416,19.0
1417,20.0
1418,20.0
1419,18.0
1420,19.0
1421,22.0
1422,21.0
1423,18.0
1424,19.0
1425,21.0
1426,22.0
1427,21.0
1428,20.0
1429,18.0
1430,18.0
1431,19.0
1432,19.0
1433,22.0
1434,19.0
1435,18.0
1436,19.0
1437,19.0
1438,19.0
1439,19.0
1440,20.0
1441,21.0
1442,19.0
1443,25.0
1444,20.0
1445,19.0
1446,20.0
1447,19.0
1448,19.0
1449,18.0
1450,21.0
1451,20.0
1452,21.0
1453,19.0
1454,18.0
1455,22.0
1456,21.0
1457,18.0
1458,20.0
1459,20.0
1460,20.0
1461,20.0
1462,21.0
1463,21.0
1464,20.0
1465,21.0
1466,19.0
1467,19.0
1468,27.0
1469,20.0
1470,21.0
1471,22.0
1472,19.0
1473,18.0
1474,18.0
1475,19.0
1476,20.0
1477,19.0
1478,19.0
1479,20.0
1480,19.0
1481,19.0
1482,19.0
1483,20.0
1484,18.0
1485,21.0
1486,19.0
1487,19.0
1488,19.0
1489,20.0
1490,20.0
1491,22.0
1492,20.0
1493,21.0
1494,21.0
1495,21.0
1496,19.0
1497,23.0
1498,22.0
1499,21.0
1500,19.0
1501,21.0
1502,21.0
1503,19.0
1504,20.0
1505,19.0
1506,19.0
1507,22.0
1508,21.0
1509,20.0
1510,22.0
1511,19.0
1512,21.0
1513,20.0
1514,19.0
1515,20.0
1516,21.0
1517,19.0
1518,23.0
1519,18.0
1520,22.0
1521,22.0
1522,20.0
1523,20.0
1524,20.0
1525,22.0
1526,20.0
1527,20.0
1528,20.0
1529,20.0
1530,20.0
1531,21.0
1532,21.0
1533,20.0
1534,19.0
1535,20.0
1536,19.0
1537,20.0
1538,20.0
1539,19.0
1540,18.0
1541,20.0
1542,18.0
1543,21.0
1544,19.0
1545,21.0
1546,20.0
1547,21.0
1548,21.0
1549,18.0
1550,19.0
1551,18.0
1552,20.0
1553,21.0
1554,21.0
1555,21.0
1556,20.0
1557,20.0
1558,20.0
1559,19.0
1560,19.0
1561,20.0
1562,19.0
1563,20.0
1564,21.0
1565,20.0
1566,19.0
1567,20.0
1568,20.0
1569,18.0
1570,20.0
1571,18.0
1572,18.0
1573,19.0
1574,20.0
1575,19.0
1576,19.0
1577,19.0
1578,20.0
1579,20.0
1580,20.0
1581,20.0
1582,20.0
1583,22.0
1584,20.0
1585,20.0
1586,19.0
1587,20.0
1588,20.0
1589,20.0
1590,18.0
1591,19.0
1592,19.0
1593,21.0
1594,22.0
1595,19.0
1596,21.0
1597,21.0
1598,20.0
1599,19.0
1600,20.0
1601,19.0
1602,20.0
1603,19.0
1604,21.0
1605,20.0
1606,20.0
1607,20.0
1608,20.0
1609,23.0
1610,19.0
1611,19.0
1612,19.0
1613,21.0
1614,22.0
1615,19.0
1616,19.0
1617,19.0
1618,20.0
1619,23.0
1620,19.0
1621,20.0
1622,28.0
1623,18.0
1624,20.0
1625,20.0
1626,26.0
1627,19.0
1628,20.0
1629,20.0
1630,18.0
1631,21.0
1632,20.0
1633,19.0
1634,20.0
1635,21.0
1636,21.0
1637,21.0
1638,19.0
1639,21.0
1640,20.0
1641,20.0
1642,19.0
1643,20.0
1644,20.0
1645,20.0
1646,21.0
1647,19.0
1648,20.0
1649,24.0
1650,21.0
1651,20.0
1652,20.0
1653,20.0
1654,19.0
1655,19.0
1656,20.0
1657,19.0
1658,18.0
1659,19.0
1660,19.0
1661,20.0
1662,20.0
1663,20.0
1664,22.0
1665,21.0
1666,22.0
1667,28.0
1668,20.0
1669,20.0
1670,18.0
1671,19.0
1672,19.0
1673,21.0
1674,21.0
1675,19.0
1676,19.0
1677,21.0
1678,19.0
1679,20.0
1680,21.0
1681,20.0
1682,21.0
1683,18.0
1684,21.0
1685,19.0
1686,20.0
1687,22.0
1688,20.0
1689,20.0
1690,20.0
1691,20.0
1692,22.0
1693,21.0
1694,19.0
1695,19.0
1696,18.0
1697,18.0
1698,20.0
1699,20.0
1700,20.0
1701,20.0
1702,19.0
1703,18.0
1704,21.0
1705,21.0
1706,20.0
1707,21.0
1708,20.0
1709,20.0
1710,19.0
1711,20.0
1712,20.0
1713,20.0
1714,20.0
1715,20.0
1716,18.0
1717,22.0
1718,18.0
1719,22.0
1720,20.0
1721,21.0
1722,20.0
1723,26.0
1724,20.0
1725,21.0
1726,18.0
1727,22.0
1728,19.0
1729,18.0
1730,21.0
1731,22.0
1732,20.0
1733,19.0
1734,20.0
1735,20.0
1736,19.0
1737,21.0
1738,19.0
1739,19.0
1740,19.0
1741,18.0
1742,19.0
1743,20.0
1744,20.0
1745,19.0
1746,20.0
1747,21.0
1748,19.0
1749,23.0
1750,19.0
1751,23.0
1752,18.0
1753,20.0
1754,24.0
1755,19.0
1756,20.0
1757,21.0
1758,19.0
1759,20.0
1760,19.0
1761,20.0
1762,19.0
1763,18.0
1764,20.0
1765,20.0
1766,19.0
1767,20.0
1768,20.0
1769,20.0
1770,18.0
1771,19.0
1772,20.0
1773,21.0
1774,22.0
1775,18.0
1776,19.0
1777,22.0
1778,21.0
1779,19.0
1780,20.0
1781,19.0
1782,20.0
1783,21.0
1784,20.0
1785,19.0
1786,18.0
1787,20.0
1788,20.0
1789,19.0
1790,23.0
1791,22.0
1792,21.0
1793,19.0
1794,29.0
1795,18.0
1796,19.0
1797,20.0
1798,21.0
1799,21.0
1800,19.0
1801,18.0
1802,18.0
1803,18.0
1804,23.0
1805,18.0
1806,20.0
1807,20.0
1808,20.0
1809,18.0
1810,20.0
1811,21.0
1812,21.0
1813,21.0
1814,20.0
1815,23.0
1816,21.0
1817,19.0
1818,19.0
1819,19.0
1820,20.0
1821,21.0
1822,20.0
1823,19.0
1824,19.0
1825,23.0
1826,28.0
1827,19.0
1828,19.0
1829,20.0
1830,19.0
1831,20.0
1832,19.0
1833,20.0
1834,19.0
1835,19.0
1836,19.0
1837,21.0
1838,20.0
1839,20.0
1840,21.0
1841,21.0
1842,21.0
1843,21.0
1844,20.0
1845,19.0
1846,28.0
1847,20.0
1848,18.0
1849,22.0
1850,21.0
1851,21.0
1852,19.0
1853,20.0
1854,20.0
1855,20.0
1856,19.0
1857,20.0
1858,22.0
1859,25.0
1860,19.0
1861,21.0
1862,19.0
1863,20.0
1864,19.0
1865,18.0
1866,20.0
1867,20.0
1868,21.0
1869,21.0
1870,21.0
1871,21.0
1872,21.0
1873,23.0
1874,19.0
1875,19.0
1876,18.0
1877,20.0
1878,21.0
1879,20.0
1880,21.0
1881,20.0
1882,21.0
1883,20.0
1884,20.0
1885,18.0
1886,21.0
1887,20.0
1888,20.0
1889,20.0
1890,21.0
1891,18.0
1892,18.0
1893,20.0
1894,25.0
1895,21.0
1896,21.0
1897,18.0
1898,21.0
1899,25.0
1900,21.0
1901,21.0
1902,19.0
1903,20.0
1904,20.0
1905,20.0
1906,20.0
1907,20.0
1908,20.0
1909,20.0
1910,19.0
1911,21.0
1912,22.0
1913,20.0
1914,21.0
1915,18.0
1916,19.0
1917,21.0
1918,21.0
1919,19.0
1920,18.0
1921,20.0
1922,20.0
1923,21.0
1924,21.0
1925,20.0
1926,20.0
1927,19.0
1928,20.0
1929,20.0
1930,20.0
1931,18.0
1932,21.0
1933,19.0
1934,19.0
1935,21.0
1936,20.0
1937,22.0
1938,21.0
1939,20.0
1940,18.0
1941,20.0
1942,22.0
1943,20.0
1944,19.0
1945,20.0
1946,20.0
1947,20.0
1948,20.0
1949,22.0
1950,20.0
1951,20.0
1952,18.0
1953,19.0
1954,19.0
1955,21.0
1956,21.0
1957,20.0
1958,21.0
1959,21.0
1960,21.0
1961,20.0
1962,21.0
1963,21.0
1964,20.0
1965,19.0
1966,22.0
1967,21.0
1968,19.0
1969,19.0
1970,22.0
1971,21.0
1972,19.0
1973,20.0
1974,18.0
1975,20.0
1976,20.0
1977,21.0
1978,19.0
1979,22.0
1980,20.0
1981,19.0
1982,19.0
1983,21.0
1984,22.0
1985,20.0
1986,21.0
1987,18.0
1988,21.0
1989,18.0
1990,21.0
1991,20.0
1992,19.0
1993,19.0
1994,21.0
1995,21.0
1996,18.0
1997,18.0
1998,19.0
1999,18.0
2000,20.0
2001,19.0
2002,21.0
2003,19.0
2004,19.0
2005,19.0
2006,24.0
2007,22.0
2008,20.0
2009,21.0
2010,21.0
2011,20.0
2012,19.0
2013,20.0
2014,20.0
2015,20.0
2016,20.0
2017,18.0
2018,18.0
2019,19.0
2020,21.0
2021,19.0
2022,21.0
2023,21.0
2024,22.0
2025,18.0
2026,19.0
2027,19.0
2028,19.0
2029,19.0
2030,20.0
2031,18.0
2032,21.0
2033,18.0
2034,20.0
2035,20.0
2036,19.0
2037,20.0
2038,20.0
2039,20.0
2040,19.0
2041,19.0
2042,20.0
2043,19.0
2044,19.0
2045,18.0
2046,19.0
2047,20.0
2048,23.0
2049,18.0
2050,19.0
2051,21.0
2052,21.0
2053,18.0
2054,20.0
2055,22.0
2056,21.0
2057,18.0
2058,20.0
2059,20.0
2060,21.0
2061,21.0
2062,22.0
2063,21.0
2064,20.0
2065,20.0
2066,20.0
2067,26.0
2068,18.0
2069,20.0
2070,20.0
2071,20.0
2072,21.0
2073,18.0
2074,22.0
2075,20.0
2076,21.0
2077,21.0
2078,18.0
2079,19.0
2080,18.0
2081,18.0
2082,18.0
2083,20.0
2084,22.0
2085,20.0
2086,19.0
2087,20.0
2088,19.0
2089,19.0
2090,21.0
2091,21.0
2092,20.0
2093,19.0
2094,21.0
2095,22.0
2096,22.0
2097,19.0
2098,19.0
2099,23.0
2100,19.0
2101,19.0
2102,23.0
2103,22.0
2104,19.0
2105,20.0
2106,21.0
2107,21.0
2108,20.0
2109,19.0
2110,20.0
2111,22.0
2112,21.0
2113,22.0
2114,19.0
2115,19.0
2116,19.0
2117,20.0
2118,22.0
2119,20.0
2120,19.0
2121,18.0
2122,20.0
2123,18.0
2124,20.0
2125,19.0
2126,20.0
2127,20.0
2128,18.0
2129,21.0
2130,20.0
2131,18.0
2132,18.0
2133,20.0
2134,22.0
2135,22.0
2136,21.0
2137,18.0
2138,19.0
2139,19.0
2140,18.0
2141,21.0
2142,19.0
2143,21.0
2144,21.0
2145,18.0
2146,21.0
2147,20.0
2148,22.0
2149,21.0
2150,20.0
2151,22.0
2152,21.0
2153,21.0
2154,20.0
2155,20.0
2156,20.0
2157,22.0
2158,20.0
2159,21.0
2160,20.0
2161,20.0
2162,20.0
2163,22.0
2164,18.0
2165,21.0
2166,22.0
2167,26.0
2168,20.0
2169,22.0
2170,25.0
2171,19.0
2172,22.0
2173,21.0
2174,20.0
2175,18.0
2176,19.0
2177,22.0
2178,21.0
2179,20.0
2180,21.0
2181,20.0
2182,21.0
2183,22.0
2184,19.0
2185,21.0
2186,20.0
2187,20.0
2188,21.0
2189,21.0
2190,22.0
2191,18.0
2192,18.0
2193,18.0
2194,22.0
2195,21.0
2196,19.0
2197,18.0
2198,21.0
2199,19.0
2200,22.0
2201,21.0
2202,21.0
2203,18.0
2204,18.0
2205,22.0
2206,20.0
2207,21.0
2208,20.0
2209,20.0
2210,21.0
2211,21.0
2212,19.0
2213,21.0
2214,20.0
2215,21.0
2216,21.0
2217,19.0
2218,23.0
2219,21.0
2220,19.0
2221,21.0
2222,21.0
2223,19.0
2224,19.0
2225,21.0
2226,18.0
2227,18.0
2228,18.0
2229,19.0
2230,18.0
2231,21.0
2232,22.0
2233,21.0
2234,19.0
2235,18.0
2236,21.0
2237,21.0
2238,21.0
2239,19.0
2240,19.0
2241,20.0
2242,21.0
2243,18.0
2244,19.0
2245,19.0
2246,19.0
2247,21.0
2248,18.0
2249,21.0
2250,20.0
2251,20.0
2252,19.0
2253,18.0
2254,18.0
2255,18.0
2256,19.0
2257,19.0
2258,19.0
2259,19.0
2260,20.0
2261,19.0
2262,20.0
2263,19.0
2264,21.0
2265,21.0
2266,19.0
2267,21.0
2268,21.0
2269,19.0
2270,19.0
2271,18.0
2272,18.0
2273,22.0
2274,18.0
2275,18.0
2276,18.0
2277,18.0
2278,21.0
2279,22.0
2280,19.0
2281,19.0
2282,21.0
2283,19.0
2284,19.0
2285,19.0
2286,20.0
2287,22.0
2288,20.0
2289,21.0
2290,18.0
2291,18.0
2292,22.0
2293,18.0
2294,18.0
2295,20.0
2296,18.0
2297,18.0
2298,19.0
2299,19.0
2300,24.0
2301,21.0
2302,20.0
2303,22.0
2304,19.0
2305,22.0
2306,20.0
2307,20.0
2308,18.0
2309,19.0
2310,20.0
2311,19.0
2312,20.0
2313,22.0
2314,21.0
2315,18.0
2316,24.0
2317,19.0
2318,19.0
2319,20.0
2320,21.0
2321,22.0
2322,22.0
2323,19.0
2324,19.0
2325,19.0
2326,18.0
2327,19.0
2328,19.0
2329,22.0
2330,20.0
2331,19.0
2332,18.0
2333,18.0
2334,20.0
2335,20.0
2336,20.0
2337,18.0
2338,21.0
2339,20.0
2340,20.0
2341,21.0
2342,20.0
2343,20.0
2344,18.0
2345,22.0
2346,19.0
2347,18.0
2348,20.0
2349,18.0
2350,18.0
2351,18.0
2352,29.0
2353,19.0
2354,20.0
2355,23.0
2356,21.0
2357,21.0
2358,18.0
2359,21.0
2360,22.0
2361,20.0
2362,20.0
2363,22.0
2364,21.0
2365,22.0
2366,19.0
2367,24.0
2368,22.0
2369,21.0
2370,21.0
2371,20.0
2372,20.0
2373,24.0
2374,18.0
2375,20.0
2376,18.0
2377,22.0
2378,21.0
2379,21.0
2380,21.0
2381,19.0
2382,20.0
2383,21.0
2384,21.0
2385,20.0
2386,20.0
2387,18.0
2388,19.0
2389,19.0
2390,20.0
2391,20.0
2392,21.0
2393,21.0
2394,24.0
2395,22.0
2396,20.0
2397,20.0
2398,20.0
2399,19.0
2400,20.0
2401,23.0
2402,21.0
2403,30.0
2404,19.0
2405,18.0
2406,18.0
2407,19.0
2408,21.0
2409,20.0
2410,23.0
2411,19.0
2412,21.0
2413,21.0
2414,19.0
2415,22.0
2416,22.0
2417,18.0
2418,21.0
2419,21.0
2420,18.0
2421,18.0
2422,18.0
2423,20.0
2424,21.0
2425,18.0
2426,19.0
2427,19.0
2428,19.0
2429,20.0
2430,19.0
2431,20.0
2432,18.0
2433,19.0
2434,19.0
2435,22.0
2436,21.0
2437,21.0
2438,20.0
2439,19.0
2440,22.0
2441,18.0
2442,20.0
2443,18.0
2444,20.0
2445,20.0
2446,19.0
2447,20.0
2448,19.0
2449,20.0
2450,22.0
2451,20.0
2452,22.0
2453,19.0
2454,20.0
2455,19.0
2456,19.0
2457,20.0
2458,20.0
2459,23.0
2460,20.0
2461,18.0
2462,20.0
2463,22.0
2464,19.0
2465,20.0
2466,21.0
2467,20.0
2468,19.0
2469,18.0
2470,20.0
2471,19.0
2472,19.0
2473,21.0
2474,20.0
2475,21.0
2476,22.0
2477,28.0
2478,18.0
2479,20.0
2480,19.0
2481,19.0
2482,19.0
2483,18.0
2484,23.0
2485,20.0
2486,23.0
2487,20.0
2488,21.0
2489,19.0
2490,18.0
2491,21.0
2492,18.0
2493,18.0
2494,22.0
2495,18.0
2496,20.0
2497,22.0
2498,19.0
2499,21.0
2500,19.0
2501,20.0
2502,21.0
2503,22.0
2504,19.0
2505,21.0
2506,21.0
2507,20.0
2508,20.0
2509,19.0
2510,21.0
2511,20.0
2512,21.0
2513,19.0
2514,21.0
2515,20.0
2516,20.0
2517,21.0
2518,20.0
2519,18.0
2520,20.0
2521,22.0
2522,20.0
2523,20.0
2524,22.0
2525,30.0
2526,19.0
2527,19.0
2528,29.0
2529,20.0
2530,21.0
2531,20.0
2532,18.0
2533,19.0
2534,19.0
2535,20.0
2536,20.0
2537,20.0
2538,19.0
2539,20.0
2540,19.0
2541,18.0
2542,20.0
2543,18.0
2544,22.0
2545,21.0
2546,18.0
2547,27.0
2548,22.0
2549,21.0
2550,22.0
2551,19.0
2552,20.0
2553,21.0
2554,21.0
2555,21.0
2556,19.0
2557,18.0
2558,19.0
2559,19.0
2560,19.0
2561,19.0
2562,20.0
2563,20.0
2564,21.0
2565,22.0
2566,19.0
2567,20.0
2568,19.0
2569,20.0
2570,21.0
2571,20.0
2572,20.0
2573,21.0
2574,19.0
2575,21.0
2576,20.0
2577,21.0
2578,20.0
2579,20.0
2580,21.0
2581,22.0
2582,19.0
2583,26.0
2584,20.0
2585,22.0
2586,20.0
2587,20.0
2588,19.0
2589,19.0
2590,21.0
2591,20.0
2592,21.0
2593,22.0
2594,19.0
2595,21.0
2596,20.0
2597,20.0
2598,21.0
2599,21.0
2600,20.0
2601,21.0
2602,21.0
2603,21.0
2604,21.0
2605,26.0
2606,20.0
2607,21.0
2608,20.0
2609,20.0
2610,21.0
2611,22.0
2612,19.0
2613,21.0
2614,20.0
2615,21.0
2616,20.0
2617,19.0
2618,24.0
2619,23.0
2620,21.0
2621,21.0
2622,20.0
2623,20.0
2624,20.0
2625,20.0
2626,21.0
2627,19.0
2628,21.0
2629,21.0
2630,18.0
2631,21.0
2632,20.0
2633,21.0
2634,22.0
2635,22.0
2636,19.0
2637,20.0
2638,22.0
2639,20.0
2640,22.0
2641,21.0
2642,19.0
2643,21.0
2644,21.0
2645,20.0
2646,20.0
2647,22.0
2648,21.0
2649,20.0
2650,19.0
2651,20.0
2652,21.0
2653,21.0
2654,21.0
2655,21.0
2656,21.0
2657,20.0
2658,21.0
2659,21.0
2660,20.0
2661,23.0
2662,19.0
2663,20.0
2664,20.0
2665,28.0
2666,20.0
2667,19.0
2668,22.0
2669,20.0
2670,21.0
2671,22.0
2672,21.0
2673,19.0
2674,21.0
2675,21.0
2676,21.0
2677,21.0
2678,21.0
2679,19.0
2680,22.0
2681,24.0
2682,20.0
2683,21.0
2684,19.0
2685,21.0
2686,19.0
2687,21.0
2688,19.0
2689,20.0
2690,21.0
2691,19.0
2692,22.0
2693,29.0
2694,19.0
2695,20.0
2696,20.0
2697,21.0
2698,22.0
2699,19.0
2700,22.0
2701,21.0
2702,20.0
2703,19.0
2704,20.0
2705,25.0
2706,19.0
2707,21.0
2708,20.0
2709,20.0
2710,20.0
2711,21.0
2712,21.0
2713,21.0
2714,21.0
2715,20.0
2716,22.0
2717,22.0
2718,21.0
2719,20.0
2720,23.0
2721,21.0
2722,19.0
2723,21.0
2724,21.0
2725,21.0
2726,21.0
2727,19.0
2728,21.0
2729,19.0
2730,22.0
2731,20.0
2732,20.0
2733,20.0
2734,21.0
2735,21.0
2736,20.0
2737,20.0
2738,21.0
2739,20.0
2740,24.0
2741,21.0
2742,19.0
2743,30.0
2744,20.0
2745,21.0
2746,26.0
2747,19.0
2748,19.0
2749,22.0
2750,20.0
2751,21.0
2752,21.0
2753,21.0
2754,20.0
2755,19.0
2756,21.0
2757,20.0
2758,21.0
2759,21.0
2760,26.0
2761,19.0
2762,19.0
2763,21.0
2764,21.0
2765,22.0
2766,21.0
2767,22.0
2768,19.0
2769,21.0
2770,19.0
2771,21.0
2772,20.0
2773,21.0
2774,19.0
2775,21.0
2776,20.0
2777,22.0
2778,20.0
2779,21.0
2780,22.0
2781,22.0
2782,21.0
2783,21.0
2784,20.0
2785,21.0
2786,31.0
2787,20.0
2788,21.0
2789,20.0
2790,23.0
2791,20.0
2792,21.0
2793,21.0
2794,20.0
2795,21.0
2796,22.0
2797,20.0
2798,20.0
2799,20.0
2800,20.0
2801,21.0
2802,24.0
2803,21.0
2804,21.0
2805,19.0
2806,18.0
2807,20.0
2808,21.0
2809,21.0
2810,22.0
2811,22.0
2812,27.0
2813,20.0
2814,19.0
2815,22.0
2816,20.0
2817,21.0
2818,33.0
2819,21.0
2820,21.0
2821,22.0
2822,19.0
2823,21.0
2824,23.0
2825,20.0
2826,21.0
2827,21.0
2828,20.0
2829,20.0
2830,19.0
2831,35.0
2832,20.0
2833,20.0
2834,21.0
2835,21.0
2836,20.0
2837,20.0
2838,21.0
2839,21.0
2840,20.0
2841,20.0
2842,22.0
2843,20.0
2844,21.0
2845,22.0
2846,20.0
2847,22.0
2848,20.0
2849,21.0
2850,22.0
2851,25.0
2852,20.0
2853,20.0
2854,20.0
2855,22.0
2856,20.0
2857,19.0
2858,19.0
2859,21.0
2860,21.0
2861,20.0
2862,21.0
2863,19.0
2864,21.0
2865,39.0
2866,20.0
2867,19.0
2868,20.0
2869,28.0
2870,20.0
2871,20.0
2872,21.0
2873,21.0
2874,20.0
2875,19.0
2876,20.0
2877,19.0
2878,20.0
2879,21.0
2880,20.0
2881,20.0
2882,20.0
2883,19.0
2884,21.0
2885,20.0
2886,19.0
2887,21.0
2888,22.0
2889,22.0
2890,21.0
2891,21.0
2892,20.0
2893,20.0
2894,20.0
2895,21.0
2896,20.0
2897,29.0
2898,23.0
2899,19.0
2900,22.0
2901,21.0
2902,19.0
2903,21.0
2904,22.0
2905,22.0
2906,19.0
2907,37.0
2908,22.0
2909,21.0
2910,21.0
2911,19.0
2912,21.0
2913,21.0
2914,20.0
2915,19.0
2916,22.0
2917,20.0
2918,21.0
2919,20.0
2920,22.0
2921,19.0
2922,21.0
2923,24.0
2924,20.0
2925,21.0
2926,21.0
2927,21.0
2928,21.0
2929,23.0
2930,21.0
2931,21.0
2932,18.0
2933,21.0
2934,21.0
2935,22.0
2936,19.0
2937,18.0
2938,25.0
2939,22.0
2940,21.0
2941,21.0
2942,18.0
2943,20.0
2944,23.0
2945,19.0
2946,21.0
2947,19.0
2948,21.0
2949,20.0
2950,19.0
2951,20.0
2952,22.0
2953,22.0
2954,19.0
2955,20.0
2956,21.0
2957,28.0
2958,20.0
2959,20.0
2960,20.0
2961,21.0
2962,22.0
2963,20.0
2964,18.0
2965,21.0
2966,21.0
2967,21.0
2968,23.0
2969,23.0
2970,22.0
2971,19.0
2972,19.0
2973,18.0
2974,20.0
2975,21.0
2976,20.0
2977,21.0
2978,22.0
2979,20.0
2980,21.0
2981,21.0
2982,22.0
2983,20.0
2984,21.0
2985,26.0
2986,20.0
2987,22.0
2988,19.0
2989,18.0
2990,20.0
2991,19.0
2992,29.0
2993,19.0
2994,18.0
2995,21.0
2996,22.0
2997,20.0
2998,19.0
2999,20.0
3000,21.0
3001,23.0
3002,20.0
3003,19.0
3004,20.0
3005,21.0
3006,20.0
3007,22.0
3008,20.0
3009,29.0
3010,20.0
3011,19.0
3012,19.0
3013,21.0
3014,19.0
3015,20.0
3016,19.0
3017,21.0
3018,19.0
3019,21.0
3020,18.0
3021,21.0
3022,21.0
3023,21.0
3024,20.0
3025,18.0
3026,21.0
3027,20.0
3028,20.0
3029,20.0
3030,22.0
3031,19.0
3032,20.0
3033,18.0
3034,18.0
3035,20.0
3036,19.0
3037,21.0
3038,20.0
3039,19.0
3040,20.0
3041,20.0
3042,21.0
3043,18.0
3044,20.0
3045,20.0
3046,20.0
3047,32.0
3048,20.0
3049,20.0
3050,37.0
3051,18.0
3052,21.0
3053,23.0
3054,22.0
3055,19.0
3056,20.0
3057,21.0
3058,19.0
3059,22.0
3060,18.0
3061,21.0
3062,21.0
3063,21.0
3064,20.0
3065,28.0
3066,19.0
3067,19.0
3068,20.0
3069,19.0
3070,22.0
3071,21.0
3072,22.0
3073,22.0
3074,21.0
3075,22.0
3076,20.0
3077,21.0
3078,20.0
3079,21.0
3080,21.0
3081,22.0
3082,19.0
3083,20.0
3084,21.0
3085,21.0
3086,22.0
3087,21.0
3088,21.0
3089,21.0
3090,21.0
3091,20.0
3092,22.0
3093,21.0
3094,22.0
3095,21.0
3096,21.0
3097,21.0
3098,21.0
3099,21.0
3100,20.0
3101,21.0
3102,21.0
3103,20.0
3104,19.0
3105,20.0
3106,18.0
3107,18.0
3108,20.0
3109,21.0
3110,22.0
3111,22.0
3112,22.0
3113,19.0
3114,20.0
3115,21.0
3116,22.0
3117,21.0
3118,19.0
3119,20.0
3120,20.0
3121,20.0
3122,22.0
3123,22.0
3124,20.0
3125,20.0
3126,21.0
3127,21.0
3128,21.0
3129,26.0
3130,19.0
3131,20.0
3132,21.0
3133,22.0
3134,20.0
3135,21.0
3136,22.0
3137,20.0
3138,20.0
3139,21.0
3140,21.0
3141,20.0
3142,20.0
3143,21.0
3144,21.0
3145,20.0
3146,24.0
3147,19.0
3148,20.0
3149,20.0
3150,21.0
3151,20.0
3152,20.0
3153,20.0
3154,19.0
3155,21.0
3156,19.0
3157,21.0
3158,20.0
3159,20.0
3160,23.0
3161,19.0
3162,21.0
3163,20.0
3164,20.0
3165,22.0
3166,19.0
3167,19.0
3168,20.0
3169,21.0
3170,20.0
3171,22.0
3172,21.0
3173,21.0
3174,19.0
3175,20.0
3176,18.0
3177,20.0
3178,20.0
3179,19.0
3180,20.0
3181,20.0
3182,22.0
3183,21.0
3184,21.0
3185,20.0
3186,21.0
3187,21.0
3188,22.0
3189,22.0
3190,18.0
3191,22.0
3192,21.0
3193,18.0
3194,20.0
3195,20.0
3196,19.0
3197,21.0
3198,18.0
3199,21.0
3200,19.0
3201,20.0
3202,21.0
3203,19.0
3204,20.0
3205,20.0
3206,19.0
3207,27.0
3208,20.0
3209,21.0
3210,19.0
3211,21.0
3212,20.0
3213,20.0
3214,19.0
3215,19.0
3216,19.0
3217,20.0
3218,21.0
3219,21.0
3220,19.0
3221,19.0
3222,19.0
3223,20.0
3224,19.0
3225,20.0
3226,19.0
3227,20.0
3228,18.0
3229,22.0
3230,20.0
3231,19.0
3232,21.0
3233,22.0
3234,22.0
3235,21.0
3236,21.0
3237,19.0
3238,21.0
3239,21.0
3240,19.0
3241,19.0
3242,20.0
3243,19.0
3244,21.0
3245,22.0
3246,20.0
3247,21.0
3248,21.0
3249,18.0
3250,19.0
3251,21.0
3252,22.0
3253,20.0
3254,22.0
3255,21.0
3256,20.0
3257,20.0
3258,19.0
3259,21.0
3260,19.0
3261,20.0
3262,21.0
3263,19.0
3264,19.0
3265,20.0
3266,22.0
3267,20.0
3268,19.0
3269,20.0
3270,22.0
3271,19.0
3272,19.0
3273,22.0
3274,19.0
3275,23.0
3276,22.0
3277,21.0
3278,19.0
3279,20.0
3280,21.0
3281,20.0
3282,20.0
3283,22.0
3284,22.0
3285,21.0
3286,19.0
3287,20.0
3288,20.0
3289,20.0
3290,21.0
3291,20.0
3292,18.0
3293,21.0
3294,22.0
3295,18.0
3296,21.0
3297,21.0
3298,21.0
3299,20.0
3300,28.0
3301,20.0
3302,20.0
3303,22.0
3304,21.0
3305,20.0
3306,22.0
3307,21.0
3308,23.0
3309,20.0
3310,21.0
3311,22.0
3312,22.0
3313,20.0
3314,19.0
3315,18.0
3316,20.0
3317,21.0
3318,18.0
3319,21.0
3320,21.0
3321,20.0
3322,18.0
3323,19.0
3324,22.0
3325,19.0
3326,19.0
3327,21.0
3328,21.0
3329,24.0
3330,21.0
3331,19.0
3332,21.0
3333,19.0
3334,21.0
3335,21.0
3336,20.0
3337,21.0
3338,22.0
3339,25.0
3340,20.0
3341,19.0
3342,20.0
3343,19.0
3344,19.0
3345,18.0
3346,23.0
3347,20.0
3348,18.0
3349,21.0
3350,21.0
3351,20.0
3352,20.0
3353,20.0
3354,22.0
3355,21.0
3356,19.0
3357,19.0
3358,19.0
3359,24.0
3360,21.0
3361,18.0
3362,22.0
3363,18.0
3364,20.0
3365,22.0
3366,18.0
3367,20.0
3368,21.0
3369,18.0
3370,18.0
3371,20.0
3372,21.0
3373,21.0
3374,20.0
3375,21.0
3376,21.0
3377,21.0
3378,21.0
3379,27.0
3380,21.0
3381,21.0
3382,19.0
3383,21.0
3384,22.0
3385,21.0
3386,20.0
3387,22.0
3388,20.0
3389,20.0
3390,20.0
3391,20.0
3392,21.0
3393,20.0
3394,22.0
3395,19.0
3396,19.0
3397,22.0
3398,20.0
3399,21.0
3400,19.0
3401,20.0
3402,19.0
3403,21.0
3404,18.0
3405,19.0
3406,22.0
3407,20.0
3408,19.0
3409,19.0
3410,19.0
3411,21.0
3412,20.0
3413,21.0
3414,21.0
3415,21.0
3416,19.0
3417,20.0
3418,22.0
3419,21.0
3420,20.0
3421,19.0
3422,21.0
3423,22.0
3424,27.0
3425,20.0
3426,19.0
3427,21.0
3428,22.0
3429,21.0
3430,21.0
3431,20.0
3432,22.0
3433,21.0
3434,20.0
3435,20.0
3436,22.0
3437,20.0
3438,22.0
3439,21.0
3440,19.0
3441,18.0
3442,19.0
3443,20.0
3444,20.0
3445,19.0
3446,19.0
3447,22.0
3448,21.0
3449,21.0
3450,18.0
3451,19.0
3452,21.0
3453,21.0
3454,20.0
3455,22.0
3456,22.0
3457,22.0
3458,21.0
3459,21.0
3460,21.0
3461,19.0
3462,18.0
3463,20.0
3464,19.0
3465,24.0
3466,19.0
3467,21.0
3468,20.0
3469,19.0
3470,20.0
3471,20.0
3472,21.0
3473,20.0
3474,19.0
3475,20.0
3476,21.0
3477,21.0
3478,23.0
3479,20.0
3480,22.0
3481,19.0
3482,20.0
3483,19.0
3484,20.0
3485,22.0
3486,19.0
3487,19.0
3488,18.0
3489,21.0
3490,21.0
3491,20.0
3492,20.0
3493,27.0
3494,18.0
3495,21.0
3496,20.0
3497,22.0
3498,20.0
3499,23.0
3500,20.0
3501,21.0
3502,19.0
3503,20.0
3504,20.0
3505,21.0
3506,19.0
3507,20.0
3508,25.0
3509,22.0
3510,21.0
3511,22.0
3512,20.0
3513,21.0
3514,21.0
3515,30.0
3516,21.0
3517,21.0
3518,19.0
3519,20.0
3520,22.0
3521,22.0
3522,20.0
3523,23.0
3524,19.0
3525,20.0
3526,21.0
3527,29.0
3528,22.0
3529,21.0
3530,26.0
3531,18.0
3532,31.0
3533,21.0
3534,19.0
3535,20.0
3536,20.0
3537,21.0
3538,22.0
3539,21.0
3540,22.0
3541,22.0
3542,22.0
3543,21.0
3544,25.0
3545,20.0
3546,18.0
3547,33.0
3548,21.0
3549,20.0
3550,22.0
3551,19.0
3552,21.0
3553,27.0
3554,20.0
3555,20.0
3556,21.0
3557,20.0
3558,21.0
3559,21.0
3560,22.0
3561,21.0
3562,22.0
3563,21.0
3564,22.0
3565,21.0
3566,21.0
3567,21.0
3568,20.0
3569,22.0
3570,21.0
3571,23.0
3572,20.0
3573,22.0
3574,21.0
3575,21.0
3576,21.0
3577,21.0
3578,20.0
3579,21.0
3580,21.0
3581,21.0
3582,22.0
3583,21.0
3584,21.0
3585,21.0
3586,21.0
3587,21.0
3588,20.0
3589,22.0
3590,21.0
3591,20.0
3592,22.0
3593,21.0
3594,20.0
3595,20.0
3596,30.0
3597,23.0
3598,20.0
3599,23.0
3600,21.0
3601,18.0
3602,21.0
3603,22.0
3604,19.0
3605,22.0
3606,23.0
3607,21.0
3608,21.0
3609,21.0
3610,21.0
3611,20.0
3612,30.0
3613,22.0
3614,20.0
3615,25.0
3616,22.0
3617,22.0
3618,20.0
3619,20.0
3620,20.0
3621,21.0
3622,21.0
3623,21.0
3624,23.0
3625,22.0
3626,21.0
3627,23.0
3628,21.0
3629,21.0
3630,21.0
3631,21.0
3632,20.0
3633,21.0
3634,20.0
3635,20.0
3636,21.0
3637,20.0
3638,20.0
3639,20.0
3640,21.0
3641,21.0
3642,21.0
3643,21.0
3644,22.0
3645,21.0
3646,20.0
3647,25.0
3648,22.0
3649,21.0
3650,23.0
3651,22.0
3652,22.0
3653,22.0
3654,26.0
3655,21.0
3656,18.0
3657,18.0
3658,20.0
3659,20.0
3660,18.0
3661,19.0
3662,23.0
3663,19.0
3664,21.0
3665,20.0
3666,20.0
3667,19.0
3668,18.0
3669,18.0
3670,18.0
3671,21.0
3672,18.0
3673,22.0
3674,21.0
3675,21.0
3676,23.0
3677,22.0
3678,20.0
3679,22.0
3680,21.0
3681,21.0
3682,21.0
3683,22.0
3684,21.0
3685,20.0
3686,21.0
3687,21.0
3688,21.0
3689,19.0
3690,18.0
3691,21.0
3692,21.0
3693,20.0
3694,20.0
3695,22.0
3696,21.0
3697,21.0
3698,21.0
3699,20.0
3700,20.0
3701,22.0
3702,20.0
3703,20.0
3704,22.0
3705,19.0
3706,21.0
3707,20.0
3708,20.0
3709,21.0
3710,21.0
3711,22.0
3712,21.0
3713,20.0
3714,20.0
3715,21.0
3716,18.0
3717,21.0
3718,22.0
3719,22.0
3720,20.0
3721,18.0
3722,20.0
3723,19.0
3724,21.0
3725,19.0
3726,21.0
3727,21.0
3728,20.0
3729,20.0
3730,20.0
3731,21.0
3732,22.0
3733,22.0
3734,24.0
3735,20.0
3736,22.0
3737,20.0
3738,21.0
3739,21.0
3740,22.0
3741,21.0
3742,21.0
3743,20.0
3744,21.0
3745,21.0
3746,22.0
3747,26.0
3748,21.0
3749,22.0
3750,20.0
3751,20.0
3752,29.0
3753,20.0
3754,21.0
3755,19.0
3756,22.0
3757,28.0
3758,21.0
3759,20.0
3760,21.0
3761,21.0
3762,20.0
3763,21.0
3764,18.0
3765,21.0
3766,21.0
3767,22.0
3768,22.0
3769,20.0
3770,20.0
3771,21.0
3772,20.0
3773,20.0
3774,22.0
3775,21.0
3776,21.0
3777,21.0
3778,20.0
3779,20.0
3780,21.0
3781,21.0
3782,22.0
3783,22.0
3784,21.0
3785,20.0
3786,22.0
3787,21.0
3788,21.0
3789,21.0
3790,21.0
3791,21.0
3792,22.0
3793,22.0
3794,21.0
3795,21.0
3796,22.0
3797,20.0
3798,21.0
3799,21.0
3800,21.0
3801,23.0
3802,19.0
3803,21.0
3804,21.0
3805,26.0
3806,20.0
3807,21.0
3808,22.0
3809,22.0
3810,22.0
3811,19.0
3812,21.0
3813,21.0
3814,21.0
3815,18.0
3816,20.0
3817,22.0
3818,20.0
3819,21.0
3820,22.0
3821,18.0
3822,22.0
3823,20.0
3824,21.0
3825,21.0
3826,20.0
3827,24.0
3828,21.0
3829,22.0
3830,21.0
3831,19.0
3832,21.0
3833,19.0
3834,23.0
3835,21.0
3836,21.0
3837,20.0
3838,21.0
3839,21.0
3840,20.0
3841,24.0
3842,18.0
3843,18.0
3844,21.0
3845,24.0
3846,23.0
3847,20.0
3848,31.0
3849,23.0
3850,22.0
3851,25.0
3852,21.0
3853,21.0
3854,28.0
3855,20.0
3856,21.0
3857,38.0
3858,20.0
3859,22.0
3860,21.0
3861,23.0
3862,21.0
3863,23.0
3864,23.0
3865,21.0
3866,21.0
3867,22.0
3868,20.0
3869,20.0
3870,21.0
3871,21.0
3872,20.0
3873,22.0
3874,21.0
3875,21.0
3876,20.0
3877,20.0
3878,21.0
3879,21.0
3880,20.0
3881,23.0
3882,20.0
3883,22.0
3884,21.0
3885,21.0
3886,21.0
3887,28.0
3888,20.0
3889,21.0
3890,20.0
3891,20.0
3892,21.0
3893,19.0
3894,21.0
3895,19.0
3896,20.0
3897,23.0
3898,22.0
3899,20.0
3900,20.0
3901,20.0
3902,23.0
3903,19.0
3904,19.0
3905,20.0
3906,18.0
3907,20.0
3908,22.0
3909,18.0
3910,21.0
3911,22.0
3912,20.0
3913,21.0
3914,21.0
3915,21.0
3916,19.0
3917,21.0
3918,18.0
3919,20.0
3920,22.0
3921,21.0
3922,18.0
3923,21.0
3924,22.0
3925,20.0
3926,21.0
3927,20.0
3928,21.0
3929,20.0
3930,36.0
3931,21.0
3932,20.0
3933,20.0
3934,19.0
3935,21.0
3936,21.0
3937,23.0
3938,21.0
3939,23.0
3940,19.0
3941,19.0
3942,21.0
3943,27.0
3944,23.0
3945,19.0
3946,23.0
3947,20.0
3948,21.0
3949,20.0
3950,22.0
3951,20.0
3952,24.0
3953,24.0
3954,19.0
3955,20.0
3956,22.0
3957,22.0
3958,20.0
3959,20.0
3960,23.0
3961,18.0
3962,28.0
3963,20.0
3964,19.0
3965,19.0
3966,20.0
3967,22.0
3968,19.0
3969,21.0
3970,19.0
3971,34.0
3972,19.0
3973,24.0
3974,22.0
3975,19.0
3976,21.0
3977,21.0
3978,18.0
3979,20.0
3980,19.0
3981,25.0
3982,20.0
3983,20.0
3984,19.0
3985,20.0
3986,22.0
3987,21.0
3988,18.0
3989,18.0
3990,27.0
3991,18.0
3992,22.0
3993,20.0
3994,18.0
3995,21.0
3996,19.0
3997,39.0
3998,21.0
3999,19.0
4000,25.0
4001,20.0
4002,23.0
4003,19.0
4004,20.0
4005,20.0
4006,23.0
4007,19.0
4008,19.0
4009,29.0
4010,32.0
4011,19.0
4012,20.0
4013,20.0
4014,21.0
4015,21.0
4016,21.0
4017,24.0
4018,21.0
4019,21.0
4020,22.0
4021,19.0
4022,20.0
4023,25.0
4024,37.0
4025,19.0
4026,28.0
4027,21.0
4028,21.0
4029,21.0
4030,19.0
4031,22.0
4032,22.0
4033,21.0
4034,23.0
4035,27.0
4036,20.0
4037,21.0
4038,20.0
4039,21.0
4040,19.0
4041,20.0
4042,21.0
4043,23.0
4044,30.0
4045,18.0
4046,18.0
4047,18.0
4048,22.0
4049,22.0
4050,22.0
4051,19.0
4052,22.0
4053,19.0
4054,20.0
4055,20.0
4056,20.0
4057,19.0
4058,22.0
4059,24.0
4060,22.0
4061,21.0
4062,21.0
4063,20.0
4064,21.0
4065,20.0
4066,20.0
4067,21.0
4068,19.0
4069,19.0
4070,22.0
4071,26.0
4072,21.0
4073,24.0
4074,24.0
4075,20.0
4076,22.0
4077,22.0
4078,21.0
4079,22.0
4080,21.0
4081,20.0
4082,21.0
4083,19.0
4084,22.0
4085,19.0
4086,21.0
4087,19.0
4088,21.0
4089,22.0
4090,22.0
4091,22.0
4092,21.0
4093,22.0
4094,18.0
4095,22.0
4096,20.0
4097,21.0
4098,21.0
4099,20.0
4100,21.0
4101,19.0
4102,25.0
4103,22.0
4104,19.0
4105,21.0
4106,22.0
4107,20.0
4108,19.0
4109,22.0
4110,21.0
4111,22.0
4112,18.0
4113,20.0
4114,18.0
4115,19.0
4116,20.0
4117,20.0
4118,18.0
4119,46.0
4120,20.0
4121,21.0
4122,28.0
4123,20.0
4124,21.0
4125,18.0
4126,20.0
4127,21.0
4128,18.0
4129,20.0
4130,20.0
4131,23.0
4132,18.0
4133,22.0
4134,20.0
4135,19.0
4136,19.0
4137,20.0
4138,19.0
4139,19.0
4140,24.0
4141,20.0
4142,19.0
4143,20.0
4144,21.0
4145,21.0
4146,21.0
4147,20.0
4148,18.0
4149,19.0
4150,18.0
4151,22.0
4152,21.0
4153,20.0
4154,19.0
4155,21.0
4156,19.0
4157,20.0
4158,21.0
4159,19.0
4160,22.0
4161,20.0
4162,20.0
4163,21.0
4164,21.0
4165,18.0
4166,24.0
4167,19.0
4168,26.0
4169,37.0
4170,30.0
4171,19.0
4172,20.0
4173,21.0
4174,19.0
4175,21.0
4176,18.0
4177,20.0
4178,22.0
4179,20.0
4180,21.0
4181,21.0
4182,21.0
4183,19.0
4184,21.0
4185,18.0
4186,20.0
4187,18.0
4188,19.0
4189,20.0
4190,18.0
4191,21.0
4192,21.0
4193,21.0
4194,19.0
4195,22.0
4196,19.0
4197,21.0
4198,22.0
4199,19.0
4200,20.0
4201,21.0
4202,18.0
4203,20.0
4204,19.0
4205,20.0
4206,19.0
4207,21.0
4208,22.0
4209,21.0
4210,20.0
4211,18.0
4212,22.0
4213,22.0
4214,24.0
4215,19.0
4216,20.0
4217,24.0
4218,19.0
4219,18.0
4220,21.0
4221,19.0
4222,19.0
4223,20.0
4224,20.0
4225,21.0
4226,19.0
4227,20.0
4228,18.0
4229,21.0
4230,18.0
4231,19.0
4232,22.0
4233,18.0
4234,22.0
4235,21.0
4236,18.0
4237,21.0
4238,22.0
4239,23.0
4240,24.0
4241,21.0
4242,23.0
4243,24.0
4244,19.0
4245,19.0
4246,19.0
4247,21.0
4248,19.0
4249,20.0
4250,27.0
4251,29.0
4252,21.0
4253,18.0
4254,21.0
4255,22.0
4256,21.0
4257,20.0
4258,22.0
4259,20.0
4260,21.0
4261,20.0
4262,21.0
4263,18.0
4264,18.0
4265,20.0
4266,20.0
4267,20.0
4268,20.0
4269,20.0
4270,18.0
4271,24.0
4272,21.0
4273,21.0
4274,20.0
4275,29.0
4276,19.0
4277,19.0
4278,20.0
4279,20.0
4280,23.0
4281,21.0
4282,21.0
4283,21.0
4284,22.0
4285,21.0
4286,21.0
4287,22.0
4288,23.0
4289,21.0
4290,20.0
4291,20.0
4292,20.0
4293,20.0
4294,22.0
4295,18.0
4296,18.0
4297,20.0
4298,21.0
4299,20.0
4300,20.0
4301,20.0
4302,20.0
4303,24.0
4304,21.0
4305,21.0
4306,23.0
4307,19.0
4308,20.0
4309,21.0
4310,21.0
4311,21.0
4312,20.0
4313,20.0
4314,20.0
4315,25.0
4316,21.0
4317,20.0
4318,20.0
4319,21.0
4320,22.0
4321,22.0
4322,19.0
4323,18.0
4324,21.0
4325,23.0
4326,21.0
